{
    "@id": "dtmi:example:grid:transmission:deliverySubStation;1",
    "@context": "dtmi:dtdl:context;2",
    "@type": "Interface",
    "extends": ["dtmi:example:grid:transmission:baseReceiver;1"],
    "displayName": "Delivery SubStation",
    "contents": [
        {
            "@type": "Property",
            "name": "Capacity",
            "schema": "double"
        },
        {
            "@type": "Relationship",
            "name": "feeds",
            "target": "dtmi:example:grid:consumer:baseConsumer;1"
        }
    ]
}